title,genre,url,summary
Super Monkey Ball 2,party,https://www.metacritic.com/game/gamecube/super-monkey-ball-2,"AiAi, MeeMee, Baby, and GonGon are on a roll again. Super Monkey Ball 2 brings the party to a whole new level with six brand new party games, six revamped party games, a new Story mode, and 150 new main game stages. In the new Story mode, you'll fight as AiAi to stop the evil plans of the deranged scientist, Dr. Bad-Boon and his mysterious sidekick. But Story mode is just the beginning--you'll want to grab some friends and get groovin' with the 12 new party games. With its new modes, enhanced graphics, and exciting multiplayer features, Super Monkey Ball 2 is keeps your party guests going bananas for hours."
Super Monkey Ball,party,https://www.metacritic.com/game/gamecube/super-monkey-ball,"Call your friends and warn your neighbors, it's time to have a ball! Go bananas with 90+ stages, multi-player madness, and 7 cool ways to play! Equal parts ""party"" and ""game"", Super Monkey Ball could be the most ""well-rounded"" game you've ever played!"
WarioWare: Smooth Moves,party,https://www.metacritic.com/game/wii/warioware-smooth-moves,"Wario and his pals learn fun, wacky moves after discovering a strange book and a mystical device called the Form Baton. Familiar characters from the WarioWare universe will return to this installment and some new ones will appear. Players must clear fast-paced sets of microgames, changing the way they hold the Wii Remote each time. As they do, they'll unlock more microgames and souvenirs. The WarioWare team took an idea so wacky, it could only be made with the latest technology ... the Wii Remote. WarioWare is back with a whole new set of moves. When Wario stumbles upon a strange device called a Form Baton, he and his friends use it to learn new moves that are as fun as they are wacky. With hundreds of microgames, this game is just as wild as you'd expect from the name WarioWare, but the game play has been revolutionized. Under Wario's tutelage, and with the help of the Wii Remote, players will swing, spin and squat their way to victory. With about 200 lightning-quick microgames and controls that range from scribbling to flailing, WarioWare: Smooth Moves takes interactive gaming to a whole new level. All players need is a Wii Remote and their best moves to be the champ. [Nintendo]"
Kinect Party,party,https://www.metacritic.com/game/xbox-360/kinect-party,"Remake your living room into the ultimate Kinect Party. Immerse yourself and up to six others in this augmented reality playground as Kinect Party presents 36 channels - each overflowing with outrageously unique, motion-controlled fun. Wield nun chucks, grow fairy wings, dodge hot lava, harness electricity, dig for treasure, launch fireworks, become a fire breathing dragon and more."
Super Monkey Ball Deluxe,party,https://www.metacritic.com/game/xbox/super-monkey-ball-deluxe,"Super Monkey Ball Deluxe features 300 stages (114 from ""Super Monkey Ball,"" 140 from ""Super Monkey Ball 2,"" and 46 Deluxe-exclusive boards. In addition to new stages, Super Monkey Ball Deluxe offers a new Challenge mode, integrating varying skill settings (Beginner, Advanced, and Expert) into one fluid ramp up, rather than breaking them out as independent gameplay sections. There will also be additional stages in the story mode. All twelve of the party games from Super Monkey Ball 1 & 2 are also included."
Mario Party,party,https://www.metacritic.com/game/nintendo-64/mario-party,"Tensions mount for Mario and pals as each declares himself to be the one true Super Star of Marioland. Face your friends and family in a contest of strength, wits and agility as you explore 6 thriling Adventure Boards. Reveal new levels of gaming excitement as you customize your boards with speed blocks, warp blocks and other specialty items. Jam-packed with all the electricity of an entire arcade, the action comes alive for up to 4 players. So grab your friends and get ready for a wild ride because this party never ends!"
Disney Guilty Party,party,https://www.metacritic.com/game/wii/disney-guilty-party,"Disney Guilty Party is a fun and hilarious mystery party game, exclusively for Wii.  Friends and family play as the savvy sleuths of the world-famous Dickens Detective Agency to investigate a series of crimes and identify the guilty party. "
Super Monkey Ball Deluxe,party,https://www.metacritic.com/game/playstation-2/super-monkey-ball-deluxe,"Super Monkey Ball Deluxe features 300 stages (114 from ""Super Monkey Ball,"" 140 from ""Super Monkey Ball 2,"" and 46 Deluxe-exclusive boards. In addition to new stages, Super Monkey Ball Deluxe offers a new Challenge mode, integrating varying skill settings (Beginner, Advanced, and Expert) into one fluid ramp up, rather than breaking them out as independent gameplay sections. There will also be additional stages in the story mode. All twelve of the party games from Super Monkey Ball 1 & 2 are also included. [Sega]"
Nintendo Land,party,https://www.metacritic.com/game/wii-u/nintendo-land,"Nintendo Land is a theme park featuring 12 different attractions, each with its own play on a Nintendo franchise. Each attraction features it's own special gameplay experiences made possible by the Wii U controller. Depending on the particular attraction, players can compete individually or against other players, or even team up to play cooperatively. Up to 5 players can participate in dynamic multiplayer modes in select attractions. The experiences change each time, depending on whether players are using the GamePad, holding a Wii Remote or just watching others play on the TV screen."
Rayman Raving Rabbids,party,https://www.metacritic.com/game/wii/rayman-raving-rabbids,"Rayman Raving Rabbids marks the return of the iconic video-game hero, Rayman, in his funniest and zaniest adventure ever. When the world of Rayman is threatened by a devastating invasion of crazed, out-of-control bunnies Rayman must rise up against his furry foes to foil their wicked plans. Utilizing an array of amazing new abilities, and with the help of magical creatures, Rayman must break out all the moves to save his world from these delirious bunnies and their hare-raising antics. Combat the Ultra-Crazed Evil Rabbits – Take control of Rayman and his knack for attack to help save his world from the raving rabbids. They are mischievous, insane and completely out of control. There are several types of rabbids each with its own mischievous characteristics. Tame and control various creatures such as sharks, eagles, rhinos, spiders and angelfish. Rayman can master each animal's unique capabilities to help in his battle against the devious rabbits. Customize and disguise Rayman. Go punk, pop, rock or hip hop to infiltrate the bunnies and foil their devious plans. Explore amazing free-roaming environments and beautiful epic landscapes that mix real and fantastical styles to create a visually stunning experience. [Ubisoft]"
Age of Booty,party,https://www.metacritic.com/game/xbox-360/age-of-booty,"[Xbox Live Arcade] Set in the swashbuckling era, Age of Booty is a casual real-time multiplayer strategy game that puts players at the helm of their own pirate ship with the goal of sending your enemies to the briny deep, and looting and capturing towns for your pirate faction. In Age of Booty, players team up with other online players or AI-controlled pirate ships to raid, pillage, sink, and destroy their way to dominance on the high seas. Spoils of war and booty are used to upgrade and customize pirate ships to make them even more deadly as players take on 25 unique challenges and seven of the most devious Pirate Alliances on the high seas. Gain notoriety and fame by climbing the online leader boards. Create and share custom maps using the intuitive map creation system. Single player and multiplayer real-time action strategy from Certain Affinity, lead by Max Hoberman, designer of Halo 2 and 3's multiplayer game. Raid villages, sink merchants, seize towns, steal gold, upgrade your pirate ship and use your guns and your wits to send your foes to the briny deep. Master twenty-five unique multiplayer maps or create your own and share them with your friends. Up to four players on one console, up to eight players over LAN or the Internet. Tons of customizable options that allow you to tune the game to meet your taste. [Capcom]"
Spin the Bottle: Bumpie's Party,party,https://www.metacritic.com/game/wii-u/spin-the-bottle-bumpies-party,Spin the Bottle: Bumpie's Party is a game for 2-8 players where players sit in a circle around a GamePad and spin a virtual bottle.
Super Monkey Ball: Banana Blitz,party,https://www.metacritic.com/game/wii/super-monkey-ball-banana-blitz,"The single-player puzzle levels in Super Monkey Ball: Banana Blitz have been designed to challenge gamers' skills like never before. For the first time in the Super Monkey Ball franchise, AiAi and his friends have the ability to jump when players flick the Nintendo Wii controller in an upward motion. The ability to jump has given game designers another dimension in which to expand the Super Monkey Ball gameplay experience and allows gamers a whole new way to interact with the franchise; this time in true three-dimensional fashion. The Party Games return with more variety than ever. An abundance of new Party Games have been designed to take advantage of the Wii controller in a multitude of ways. Gamers find themselves competing in a traditional game of ring toss, or even smacking pesky moles in a game of ""Whack-a-Mole."" [Sega]"
Age of Booty,party,https://www.metacritic.com/game/playstation-3/age-of-booty,"[Playstation Network] Set in the swashbuckling era, Age of Booty is a casual real-time multiplayer strategy game that puts players at the helm of their own pirate ship with the goal of sending your enemies to the briny deep, and looting and capturing towns for your pirate faction. In Age of Booty, players team up with other online players or AI-controlled pirate ships to raid, pillage, sink, and destroy their way to dominance on the high seas. Spoils of war and booty are used to upgrade and customize pirate ships to make them even more deadly as players take on 25 unique challenges and seven of the most devious Pirate Alliances on the high seas. Gain notoriety and fame by climbing the online leader boards. Create and share custom maps using the intuitive map creation system. Single player and multiplayer real-time action strategy from Certain Affinity, lead by Max Hoberman, designer of Halo 2 and 3's multiplayer game. Raid villages, sink merchants, seize towns, steal gold, upgrade your pirate ship and use your guns and your wits to send your foes to the briny deep. Master twenty-five unique multiplayer maps or create your own and share them with your friends. Up to four players on one console, up to eight players over LAN or the Internet. Tons of customizable options that allow you to tune the game to meet your taste. [Capcom]"
Mario Party 3,party,https://www.metacritic.com/game/nintendo-64/mario-party-3,"Mario and friends are throwing a party and you're invited. It's their biggest bash yet, with seventy totally new Mini-Games and five brand new adventure boards. You'll be the life of the party as you punch, pound and stampede right over your opponents in a multiplayer melee or go head-to-head in the new two-player duel mode. You can even unlock new characters in the one-player challenge. With so much fun and excitement, this is a bash you'll just have to crash!"
WarioWare D.I.Y. Showcase,party,https://www.metacritic.com/game/wii/warioware-diy-showcase,"[WiiWare] WarioWare: D.I.Y. Showcase is a standalone product exclusive to the WiiWare service and available only from the Wii Shop Channel. The game contains more than 70 new microgames and features interoperability with theWarioWare: D.I.Y. game for the Nintendo DS family of products. Players that own both games can transfer content between the two via a local wireless connection, and can even play user-created microgames on their television using WarioWare: D.I.Y. Showcase. [Nintendo]"
Mario Party 9,party,https://www.metacritic.com/game/wii/mario-party-9,"The party is back and bigger than ever in the Mario Party 9 game for Wii, featuring all-new ways to play! For the first time in the franchise, boss battles crash the party and challenge players to compete to defeat a common enemy. In addition, players now travel across stages together in a vehicle towards a common goal - overcoming obstacles, battling bosses, and collecting Mini Stars stolen by Bowser™ and his minions. Featuring 80 new minigames, adventurous new stages, and all-new ways to play that blend cooperative and competitive action for up to four players*, Mario Party 9 is the perfect way to get the party started."
Rayman Raving Rabbids: TV Party,party,https://www.metacritic.com/game/wii/rayman-raving-rabbids-tv-party,"First they invaded the world and, now your TV. The Rabbids have taken over almost every channel you can imagine, from music to movies – even TV ads. Help the Rabbids destroy all our daily viewing and drive Rayman crazy. In Story Mode, play through a week of television, with each day bringing new wacky challenges of skill and insane movements in a compilation of mini-games. With up to eight players in turn-based mode and four players simultaneously, get ready for you and all your friends to go insane. Unique use of the Wii Balance Board: Play loads of exciting new games with the new Wii Balance Board and experience the first game in the world that you can play with your rear end. New wacky games. 65+ brand-new games that spoof popular culture, from TV series to TV classics, not to mention insane ads. Play co-op or battle your friends simultaneously with up to four players, or go crazy with up to eight players in party mode. You can even sabotage your friends while they are playing. Unique use of the Wii Remote. Discover new and innovative ways to play with eight types of gameplay, including shaking, precision, dexterity and balance. Shake that Rabbid. Use the Wii Remote and Wii Balance Board to dance and wiggle your booty. Customize your bunny. Pimp your bunny out, take his photo and send it to your friends online. [Ubisoft]"
Mario Party DS,party,https://www.metacritic.com/game/ds/mario-party-ds,"You'd think years of defeat would get to a guy, but Bowser just doesn't give up! He's captured Mario and his friends in his pursuit of a crystal that the group collected when it fell from the sky, and he doesn't hesitate to shrink them to miniature size to get rid of them and get his hands on the other four crystals. The mini-heroes have to find the crystals before he does, making their way through giant environments filled with enormous creatures. The single-player campaign takes place in five different settings, each of them ending with a boss. As usual, players have to collect coins and stars, at the same time escaping dangers such as Piranha Plants and other classic creatures from the Mario universe. As they progress through the game, players also can unlock various mini-games, such as Rail Riders, Sweet Sleuth and Goomba Wrangler! When players are tired of exploring the story mode, they can choose one of the other modes, like Puzzle and Minigame. Play with up to four friends on the DS' local Wi-Fi and let the party begin. [Nintendo]"
Sega SuperStars,party,https://www.metacritic.com/game/playstation-2/sega-superstars,"SEGA SuperStars for EyeToy, developed by SEGA's Sonic Team studio, leverages the camera control-method featured in EyeToy to bring a new level of interactivity to the company's core brands such as Sonic the Hedgehog, Samba de Amigo, House of the Dead, Virtua Fighter and more."
Mario Party 6,party,https://www.metacritic.com/game/gamecube/mario-party-6,"Mario Party 6 offers a new batch of games that require both your fingers and your voice. In this installment in the Mario Party series, you can use the included microphone controller to talk your way to victory. More than 80 minigames are included. You can play as Mario, Bowser, or other characters from the Mushroom Kingdom. New characters appear on the board depending on what time of day it is. The game supports up to four players."
Buzz! Junior: Monster Rumble,party,https://www.metacritic.com/game/playstation-2/buzz!-junior-monster-rumble,(Currently available in the UK/EU only) Up to four players can compete in a series of challenges to prove which of the monsters is top of the pile.
Pictionary,party,https://www.metacritic.com/game/wii/pictionary,"Pictionary, the game of quick sketches and crazy guesses, has innovative new functionality and game modes for the whole family! In addition to great classic Pictionary play, new features include rotating canvases, one-line challenges and other fun gameplay modes in a lively game show setting."
Mario Party 4,party,https://www.metacritic.com/game/gamecube/mario-party-4,"Toad, Koopa, and other party-planning pranksters have hidden birthday presents for their closest friends inside the Party Cube. To win the presents, Mario, Yoshi, Peach, and other Mushroom Kingdom favorites will have to plunge into a circus of minigame trickery. As always, keep an eye out for Bowser and his trouble-making goons. Even Whomp and Thwomp have rockin' surprises for you in their Extra Room. Packed with surprises, wild multiplayer action, and zany challenges, Mario Party 4 is your ticket to a good time."
Let's TAP,party,https://www.metacritic.com/game/wii/lets-tap,"Let's Tap is an innovative gaming experience on the Wii with easy to pick-up-and-play controls that will appeal to gamers of all ages. Simply place the Wii Remote on a box or a flat surface and tap! All methods of tapping (light, medium, hard) will allow you to jump hurdles and create environmental effects such as a dazzling fireworks display. There are five fun-filled game modes, all of which allow for multiplayer fun. PICK-UP-AND-PLAY CONTROLS: Every member of the family can jump into the game with these simple controls. Players place their Wii Remote on a box or flat surface and tap through five gameplay modes. FIVE UNIQUE GAME MODES: Tap Runner: Sprint for the finish line in over 16 courses while avoiding obstacles including hurdles, ice wall and electric fields. (1-4 players) Rhythm Tap: There are a wide range of songs to master in Rhythm Tap. Feel the beat and tap light, medium, hard in sync with the on-screen tap indicators. (1-4 players) Silent Blocks: Different modes using light and hard taps to strategically remove blocks one at a time from the column without causing it to topple over. (1-4 players) Bubble Voyager: Clad in a space suit, solo players tap to keep their character afloat through many levels filled with dangerous objects; a double tap will launch a missile. In multiplayer matches, you will shoot each other a number of times to win. (1-4 players) Visualizer: Everyone will take their turn with several Unique stages including Fireworks, Paint, River, Gem Game and Ink. Tapping with light, medium and hard strokes produces on-screen effects ranging from a fireworks display to undersea bubbles. In special tap sequences, various sea animals will appear. (1 player) [Sega]"
Fuzion Frenzy,party,https://www.metacritic.com/game/xbox/fuzion-frenzy,"Fuzion Frenzy combines the continuous, frenetic action of a futuristic street sport with the action-packed fun of minigames set in a dynamic 3D urban environment. The minigames require strategy and skill to conquer and cover a variety of activities, including: playing tag, collecting and stealing orbs, racing spheres, swatting bugs, lighting fireworks, and playing hot potato with dynamite. Six arenas and more than 45 minigames provide plenty of competitive fun for up to four players."
Mario Party 5,party,https://www.metacritic.com/game/gamecube/mario-party-5,"Mario Party 5 gives the Mario Party series new game boards, more than 60 new minigames, new playable characters, an expanded single-player mode and, of course, more multiplayer madness than you can handle. In Mario Party 5, Mario and his friends are trying to restore peace to Dream World by racing around a collection of game boards. This time around, players can change the location of event spaces by using special capsules found on each board. The player with the most stars and coins at the end of the game wins."
Crash Bash,party,https://www.metacritic.com/game/playstation/crash-bash,"Crash and his friends are back in a knockdown, drag-out arena rumble. Get ready to ride, race, jump, throw, and battle it out to the finish in frantic, head-to-head battles, and heart-pumping chases. Choose your favorite character, including Crash, Coco, Dr. Neo Cortex, and new baddie Rill Roo, and race for points in more than 30 competitive events. With a Multitap, you can race up to three of your friends and show who's the top bandicoot. It's a good old-fashioned bandicoot brawl."
Wii Party,party,https://www.metacritic.com/game/wii/wii-party,"Most video games require players to focus their attention on a screen. Now Nintendo brings the action into the living room with Wii Party, a game that changes the way people interact with other players. Featuring 13 different party game modes and 70+ minigames, Wii Party can be enjoyed by everyone in the family, regardless of age."
"SpongeBob SquarePants: Lights, Camera, Pants!",party,https://www.metacritic.com/game/pc/spongebob-squarepants-lights-camera-pants!,"Bikini Bottom is abuzz! The producers of everyone's favorite superhero show, ""The Adventures of Mermaidman & Barnacleboy,"" are filming a special episode in Bikini Bottom and using the locals as actors. All your favorites are desperate to impress the talent scouts who have created a series of action-packed challenges to test the wannabe stars. Join SpongeBob, Patrick, Sandy, Squidward, Mr. Krabs and Plankton as you compete against your friends for 10 different roles, including the coveted super villain role. SpongeBob goes multiplayer for the 1st time! Play with up to 4 players in both a competitive and co-operative gameplay experience. Compete to earn roles in a 15-minute, full-fledged episode of ""The Adventures of Mermaidman & Barnacleboy."" Your role changes depending on who plays and wins the game! Play all 30 party-style games in classic SpongeBob-style madness. 3 unique game modes (Story, Quick Game, and D.I.Y. Tournaments) provide endless variety of gameplay. [THQ]"
Rayman Raving Rabbids 2,party,https://www.metacritic.com/game/wii/rayman-raving-rabbids-2,"After invading the world of Rayman, the insane Rabbids have a new objective: THE INVASION OF PLANET EARTH! Setting their home base at a shopping mall, the Rabbids try to study human behavior and mimic everything humans do in funny, illogical ways. As part of their training, the Rabbids must carry out several missions around the globe to prepare themselves for world domination. Rayman will attempt to infiltrate the Rabbids, disguised as one of them, in a mission to foil their crazy plans and save Earth. Game features include: 60 brand-new games that spoof popular culture and are even wackier than those featured in the first Rayman Raving Rabbids. Unique use of the Wii Remote – Discover new, innovative ways to play, with eight types of gameplay, including shaking, precision, dexterity and balance. Travel around the world - Take Rayman on a world tour to defend Earth from the Rabbids invasion. Travel to five different regions such as the USA, Europe and Asia, where players will challenge the Rabbids in the local environments. Customize Rayman and the Rabbids - Use more than 110 items (skins, hats, accessories and clothes) to dress Rayman and create your own Rabbids. Unleash your creativity with over 540K customization combinations. Multiplayer experience – Play co-op or battle up to three friends in all the games unlocked in the single-player campaign. [Ubisoft]"
Super Monkey Ball: Banana Splitz,party,https://www.metacritic.com/game/playstation-vita/super-monkey-ball-banana-splitz,"The puzzling primates return with all-new worlds, original mini-games and updated graphics adding a fresh new vibrancy to Super Monkey Ball for PlayStation Vita. Players can manage each monkey's momentum to navigate narrow ledges, moving platforms and loads of challenging obstacles. Roll your chosen ape to the goal by taking full advantage of the capabilities offered by the innovative new PSVITA handheld console and challenge up to four friends in Wi-Fi enabled multiplayer modes. Fans can also enjoy revamped classic games such as the much-loved Monkey Target, along with brand new additions."
Carnival Island,party,https://www.metacritic.com/game/playstation-3/carnival-island,"Sony Computer Entertainment America LLC (SCEA) teams up with Magic Pixel Games to bring the fun and excitement of carnivals right into your own living room with Carnival Island. Carnival Island invites you to take a trip to a magic carnival and experience the joy of classic family-friendly fun in over 35 carnival attractions. Utilizing the PlayStation®Move controller’s precise tracking technology, every toss, roll, throw, spin and slam is translated directly into the game for accurate and responsive gameplay. Explore Carnival Island alone or with friends, while playing games such as minibowl, ring toss, throwdown, and frogbog to earn tickets redeemable for prizes and collectibles. By completing challenges, players can create their own cheering squad consisting of lovable pets throughout their experience. Players can also have fun by interacting with fun house mirrors, photo cut-outs and upload snapshots of their experiences directly onto Facebook or send to a PlayStation®Network (PSN) friend."
Monopoly Party!,party,https://www.metacritic.com/game/gamecube/monopoly-party!,"The Monopoly Party game is the fastest way to discover what your friends are really like. It's an intense buying, trading, building, and deal-making frenzy because every player moves at the same time. Here's how it works: Everyone rolls a set of dice at the same time. As soon as everyone rolls, everyone moves. Just roll and go. Then do all of the things you love, such as buy property, pass ""Go,"" and draw cards from ""Community Chest."" Play Monopoly Party and find out who will cut you a deal when the chips are down and who will bankrupt you out of the game."
Wii Party U,party,https://www.metacritic.com/game/wii-u/wii-party-u,Wii Party U lets players enjoy board games and mini-games on the TV. You can play familiar tabletop games using the Wii U GamePad controller or transform your living room into a game show floor.
Mario Party 7,party,https://www.metacritic.com/game/gamecube/mario-party-7,"You can play more than 80 new minigames in the most recent Mario-themed party game, Mario Party 7. Mario and pals needed some time off, but they forgot to invite Bowser on their cruise. You can battle against an angry Bowser or up to seven of your friends on a single GameCube system. Mario Party 7 includes a few new characters and brings back microphone support from Mario Party 6."
Go Vacation,party,https://www.metacritic.com/game/wii/go-vacation,"From snowcapped mountains to the bright lights of a bustling cityscape, Go Vacation gives gamers the option to take part in heated street races, relaxing scuba diving excursions and pulse-pounding skydiving sessions and more—all accessed by actually visiting each location in-game instead of simply choosing them from a menu. With support for a whole suite of Wii hardware accessories, including the Wii Balance Board™, the Wii Zapper™ and Wii MotionPlus™, every activity offers a fun and natural control scheme that allows gamers to easily jump in and play."
Apples to Apples,party,https://www.metacritic.com/game/xbox-360/apples-to-apples,"Party-style fun is ripe for the picking as Apples to Apples the video game comes to Xbox LIVE Arcade! This game of hilarious comparisons is as simple as comparing apples to apples - just select the red card you think is most like the green card played by the judge. If the judge picks your card, you win the round. And everyone gets a chance to be the judge! Play online with up to 5 friends in Classic Mode or two variant modes - Baked Apples and Crab Apples! Choose from 26 hilarious Apple Avatars, enjoy environments like Space Apples and Carnival Apples, and collect Golden Apple Cards that mix up the game! Bursting with over 1000 red and green cards, Apples to Apples the video game provides endless hours of unpredictable, over-the-top fun!"
Super Monkey Ball: Touch & Roll,party,https://www.metacritic.com/game/ds/super-monkey-ball-touch-roll,"Touch & Roll combines the Monkey Ball series' legendary addictiveness with perhaps the perfect platform in the form of the Nintendo DS and its touch-screen technology. Ten crazy worlds with 10 levels each offer 100 puzzle trays designed to frustrate and delight - 50 of which are all new and DS exclusive. Use the DS stylus and touch screen to guide AiAi, MeeMee, GonGon and Baby through this slice of monkey madness. Four classic party games playable in both single and multiplayer modes - Monkey Race, Monkey Fight, Monkey Mini Golf and Monkey Bowling. Two all-new DS exclusive party games - Monkey Hockey and Monkey Wars. Wireless multiplayer via ad-hoc Wi-Fi connectivity. [Sega]"
Hasbro Family Game Night 2,party,https://www.metacritic.com/game/wii/hasbro-family-game-night-2,"Everyone's favorite spud is back in HASBRO FAMILY GAME NIGHT 2 for the Nintendo Wii, and now he's got more moves than ever! With new games like OPERATION, JENGA, BOPPIT, PICTUREKA and CONNECT 4x4, Mr. Potato head is so excited about the release of the popular family Wii game that he’s getting his boogie on to celebrate. [Electronic Arts]"
Rayman Rush,party,https://www.metacritic.com/game/playstation/rayman-rush,"Rayman's world kicks into multiplayer overdrive in this total competition crash course with the cast of Rayman 2. Smoke the competition on mind-bending racecourses, or spark up a lum-flinging firefight in the battle arena. And with 8 characters, 24 maps and up to 4 combatants, now Rayman's got more ways to reign supreme than ever."
Mario Party 8,party,https://www.metacritic.com/game/wii/mario-party-8,"Play with motion control! Row your way down a river, punch a statue to pieces, steer race cars and mopeds, and handle a balancing pole while walking a tightrope. Play with the pointer. Drag and drop decorations onto cakes, shoot Boos in haunted house, quickly choose your answer in a game show. Mash those Wii Remote buttons. Jump and pummel your way through a football brawl, hop and run across an obstacle course of spinning platforms. Mario Party 8 includes six brand-new boards, dozens of minigames and many new modes. In a franchise first, you can collect special power-ups and transform your character into a boulder that smashes rivals or a coin-sucking vampire. Mario Party 8 includes ""extra-large"" minigames like Star Carnival Bowling and Table Menace. [Nintendo]"
Pictionary: Ultimate Edition,party,https://www.metacritic.com/game/playstation-3/pictionary-ultimate-edition,"Pictionary, the game of quick sketches and crazy guesses, has innovative new functionality and game modes for the whole family! In addition to great classic Pictionary play, new features include rotating canvases, one-line challenges and other fun gameplay modes in a lively game show setting."
Game & Wario,party,https://www.metacritic.com/game/wii-u/game-wario,Wario and his Diamond City friends are back in action. Game & Wario (working title) features a collection of games that use only the Wii U GamePad controller. The games retain the original flair and character of the micro-games from the WarioWare series.
Ape Escape: Pumped & Primed,party,https://www.metacritic.com/game/playstation-2/ape-escape-pumped-primed,"(Also known as ""Gacha Mecha Stadium Saruvatore"" or ""Ape Escape: Gacha Mecha Athlete"" in Japan) Original characters of the Ape Escape series ? Spike, Natalie, Casi, Jake and the Professor ? have decided to enter the High Tech Tournament! Set in a computer-generated world, odd things start happening when mysterious monkeys start to appear, along with archenemy Specter from Ape Escape 2. Trapped in the world by a new villain, our heroes must fight for their survival. Game features include: Two Game Modes: Play with up to two players in Story mode, consisting of 44 competing levels and eight boss battles, or Versus mode with 21 pre-made tournaments for up to four players. Additionally, players can create their own tournaments from the 28 stages in story mode. A Mix of Classic and New Characters from Ape Escape: Play original characters such as Natalie, Spike, the Professor or Jake. New characters include Pipotron, Helga and a mysterious new boss. Beat the Competition with a Wide Selection of Gadgets: Each character will have their own set of unique gadgets, including the Stunclub, Dragonfly, Slingshot, RC Car, Dash Hoop and WaterMech. More than 400 Unlockable Items: Special gadgets, clothes, fan emails, special summon abilities and movies. [Sony Computer Entertainment]"
Wii Play: Motion,party,https://www.metacritic.com/game/wii/wii-play-motion,"With the June 13 launch of Wii Play: Motion, Wii owners will be twisting, turning and enjoying themselves like never before, whether they're newcomers to the console or have already discovered the fun of the popular Wii Play game. From catching a gust of wind by tilting an umbrella to fending off garden pests by swinging a mallet, each of the 12 included games will have players smiling wide as they use their Wii Remote Plus controller (or Wii Remote with Wii MotionPlus™ accessory) in a variety of interesting, sometimes unexpected ways. Wii Play: Motion comes packaged with a Wii Remote Plus controller – which combines the original Wii Remote controller with the precision of Wii MotionPlus – to deliver great value, precise motion control and immersive social fun that anyone in the household can pick up and instantly enjoy."
Rayman Arena,party,https://www.metacritic.com/game/gamecube/rayman-arena,"Rayman Arena puts you in a competitive crash course. As any member of the cast of Rayman 2, you must smoke the competition on challenging race courses or incite a firefight in the battle arena. Take risks, use tricks, and trip up opponents as you sprint, slide, climb, and helicopter through 12 courses in an all-out rush for the checkered flag. Each of the gladiator-style arenas features its own set of power-ups, traps, and special ammo. You can also compete with up to four players in multiplayer action."
"SpongeBob SquarePants: Lights, Camera, Pants!",party,https://www.metacritic.com/game/playstation-2/spongebob-squarepants-lights-camera-pants!,"Bikini Bottom is abuzz! The producers of everyone's favorite superhero show, ""The Adventures of Mermaidman & Barnacleboy,"" are filming a special episode in Bikini Bottom and using the locals as actors. All your favorites are desperate to impress the talent scouts who have created a series of action-packed challenges to test the wannabe stars. Join SpongeBob, Patrick, Sandy, Squidward, Mr. Krabs and Plankton as you compete against your friends for 10 different roles, including the coveted super villain role. SpongeBob goes multiplayer for the 1st time! Play with up to 4 players in both a competitive and co-operative gameplay experience. Compete to earn roles in a 15-minute, full-fledged episode of ""The Adventures of Mermaidman & Barnacleboy."" Your role changes depending on who plays and wins the game! Play all 30 party-style games in classic SpongeBob-style madness. 3 unique game modes (Story, Quick Game, and D.I.Y. Tournaments) provide endless variety of gameplay. [THQ]"
Pac-Man Party,party,https://www.metacritic.com/game/wii/pac-man-party,"Reigning as one of the top pop cultural icons since his introduction in 1980, PAC-MAN remains a global phenomenon that has yielded hundreds of products including video games. PAC-MAN Party continues this legacy by offering a game that captures the spirit of the franchise and provides engaging entertainment that can be enjoyed by people of all ages. With more than 45 exciting mini-games, PAC-MAN Party provides a rewarding and challenging social gaming experience regardless of skill level. From the time-based trials of rolling a giant snowball and knocking your friends off a mountain top, to adventures that require more precision and endurance, players will be fully engaged as they use the Wii Remote's motion, pointing and button control capabilities."
Whacked!,party,https://www.metacritic.com/game/xbox/whacked!,"In Whacked! you are one of seven demented contestants competing on a dangerous game show. Pitted against each other in free-for-all combat, contestants must use power-ups and weapons, such as giant staplers and rubber ducky grenades, to flatten their opponents. The game's various modes have you fighting to collect resources, fending off a horde of man-eating chickens, or exchanging blows in fierce deathmatches. There are more than a dozen levels--including an arctic pipeline, a Christmas tree, and a kitchen sink--for you to conquer."
Wii Play,party,https://www.metacritic.com/game/wii/wii-play,"In Wii Play, the star of the game is you. Create your own personal Mii character with the Wii console's built-in Mii Channel and then play as yourself in this compilation of nine simple, fun games like target shooting, table tennis and fishing. Wii Play comes bundled with a free Wii Remote, so a friend can instantly join in the action in any of the included games. You can play at home or save your Mii on your Wii Remote and play with it on a friend's console, or use any of the six ready-made guest characters. Wii Play's nine different games are the perfect introduction to what the Wii Remote can do: Shooting Range - A modern version of the Nintendo classic Duck Hunt. Shoot the targets on the screen simply by aiming your Wii Remote. Find Mii - Can you spot a face in the crowd? Use your Wii Remote to point out the correct Mii characters as quickly as you can. Table Tennis - How long can you ping pong? Use your Wii Remote like a paddle to bat the ball and try to beat the computer or human opponent. Pose Mii - Twist the Wii Remote to rotate the Mii characters and quickly slot them into the correct positions as they fall down the screen. Laser Hockey - Tilt and turn the Wii Remote to bash the puck into the opponent's goal, in this high-speed arcade-style game. Billiards - In this version of Nine Ball, aim the Wii Remote at the screen to line up your shot, then pull back and push forward to strike the ball. Fishing - Move the Wii Remote like a rod: dip the hook in the water, wait for the fish to bite (the controller will rumble) and pull back hard to land it. Charge - Take the bull by the horns! Steer your wild steer by holding the Wii Remote sideways, as if gripping reins, and topple scarecrows to score points. Tanks - Take control of a tank with the Wii Remote; aim the cannon, bounce shells off walls, and blast your opponent to bits. [Nintendo Europe]"
Raving Rabbids: Alive & Kicking,party,https://www.metacritic.com/game/xbox-360/raving-rabbids-alive-kicking,Raving Rabbids Alive & Kicking is a game that utilizes the Kinect for the Xbox 360.
Mario Party: Island Tour,party,https://www.metacritic.com/game/3ds/mario-party-island-tour,"The game features seven different game boards, each with its own set of rules. The game offers 81 new mini-games that test speed, concentration and luck. In addition to the board game elements, players are be able to play mini-games exclusively or try their hands at a 30-floor tower climb, AR Card games and StreetPass battles."
Rayman Raving Rabbids 2,party,https://www.metacritic.com/game/ds/rayman-raving-rabbids-2,"After invading the world of Rayman, the insane Rabbids have a new objective: THE INVASION OF PLANET EARTH! Setting their home base at a shopping mall, the Rabbids try to study human behavior and mimic everything humans do in funny, illogical ways. As part of their training, the Rabbids must carry out several missions around the globe to prepare themselves for world domination. Rayman will attempt to infiltrate the Rabbids, disguised as one of them, in a mission to foil their crazy plans and save Earth. [Ubisoft]"
"SpongeBob SquarePants: Lights, Camera, Pants!",party,https://www.metacritic.com/game/xbox/spongebob-squarepants-lights-camera-pants!,"Bikini Bottom is abuzz! When a special episode of ""The New Adventures of Mermaidman and Barnacleboy"" is being filmed in Bikini Bottom, it's up to SpongeBob and his friends to compete for nine different roles, including the coveted super villain role. Grab your friends and battle your way through 30 levels of mayhem in SpongeBob™ SquarePants: Lights, Action, PANTS!"
Bomberman Land,party,https://www.metacritic.com/game/wii/bomberman-land,"Bomberman Land brings together 3 exciting game modes into one. The series introduces a bevy of mini-games, where most can be played in multiplayer mode. The PSP system version features 50 mini-games, the Wii features 50, and the DS has 40 unique mini-games. In addition, the Bomberman Land series features a robust single-player Story Mode, where players can explore a fantasy land and solve quests and puzzles with the ultimate goal of restoring peace and tranquility to the beleaguered Bomberman world. Best of all, the game includes the Battle Pack Mode, the classic multiplayer Bomberman experience that gamers know and love. The PSP system and the DS versions both allow gamers to share one game cartridge and network with friends to create the ultimate party game. [Hudson Soft]"
Hasbro Family Game Night,party,https://www.metacritic.com/game/ds/hasbro-family-game-night,"Battleship, Connect4, BobIt!, and Operation."
LOL: Never Party Alone!,party,https://www.metacritic.com/game/ds/lol-never-party-alone!,"(Also known as ""Bakushow"" in the UK/EU) A unique, free-form gaming experience, LOL’s motto says it best: “If the game is boring, then you are boring.” LOL is played by one of the players making a challenge in writing to the others. The crazier the challenge, the more fun everyone will have. The person who delivered the challenge chooses an appropriate time limit, and everyone has to answer the challenge on their touch screen however they see fit – with words, pictures, or whatever comes to mind. The host reveals the answers, and everyone votes on a winner who will then decide on the challenge for the next round. Always different and a blast to play every time, LOL will, as its name implies, make everyone laugh out loud. [Agetec]"
Carnival Games,party,https://www.metacritic.com/game/wii/carnival-games,"Carnival Games feature 25 popular games from classic carnivals, including Clown Splash, Milk Can Toss, Nerves of Steel, Lucky Cups, Hoops, Day at the Races and Dunk Tank. Players can win over 250 upgradeable prizes ranging from a goldfish to giant stuffed animals. Character-customizing items like a pirate's wardrobe and a Viking helmet are also there to be won. The game features a fortune teller who reveals a player's fate for a price. The moment you step into Carnival Games you can almost smell the funnel cakes as you are greeted by the barker and the sights and sounds of a classic carnival. The game was built from the ground up to take full advantage of the capabilities of the Wii Remote, so the flick of your wrist in Alley Ball makes the difference between scoring an impressive 100 points and a lowly 10 points. The ability to pound the Wii Remote like a sledgehammer with the right mix of power and finesse in Test of Strength determines whether you are a Contender or a Grandma."
Start the Party!,party,https://www.metacritic.com/game/playstation-3/start-the-party!,"Step into an animated augmented virtual reality in Start The Party!, a collection of interactive social party games for the whole family. Start The Party! transforms the PlayStation Move motion controller into an array of virtual props that players hold in their hand to twist, cut, swat, paint, pop, and jab their way through a series of fast-paced challenges requiring skill, speed and precision. Players are fully immersed into Start The Party! as the PlayStation Eye displays the players and their surroundings within the game's colorful user interface, making them the star of the game."
Bomberman Land Portable,party,https://www.metacritic.com/game/psp/bomberman-land-portable,"Bomberman Land brings together 3 exciting game modes into one. The series introduces a bevy of mini-games, where most can be played in multiplayer mode. The PSP system version features 50 mini-games, the Wii features 50, and the DS has 40 unique mini-games. In addition, the Bomberman Land series features a robust single-player Story Mode, where players can explore a fantasy land and solve quests and puzzles with the ultimate goal of restoring peace and tranquility to the beleaguered Bomberman world. Best of all, the game includes the Battle Pack Mode, the classic multiplayer Bomberman experience that gamers know and love. The PSP system and the DS versions both allow gamers to share one game cartridge and network with friends to create the ultimate party game. [Hudson Soft]"
Mario Party Advance,party,https://www.metacritic.com/game/game-boy-advance/mario-party-advance,"Mario Party Advance takes all the minigame mayhem of the console games and puts it in your hands. This version for the Game Boy Advance features all-new games and a host of Professor E. Gadd's incredible gadgets, including trinkets, toys, detectors, and tricks. ""Tricks"" let you play pranks on your friends, test your compatibility, and more. Earn coins in single-player game boards; compete against a friend in a two-player battle game; or trade gadgets, minigames, and coins with other players."
Pac-Man Fever,party,https://www.metacritic.com/game/gamecube/pac-man-fever,"Pac-Man takes break from eating dots and ghosts in the fun new party game Pac-Man Fever. In addition to our yellow hero, the game also features Ms. Pac-Man and many other Namco favorites from franchises such as Tekken, Ridge Racer, and Soul Calibur. Up to four players partake in more than 30 minigames and three differently themed game boards. Try to recover all of the minigames stolen by those pesky, party-crashing Ghosts and determine who the real party animal is."
Sonic Shuffle,party,https://www.metacritic.com/game/dreamcast/sonic-shuffle,"Illumina, the Guardian Angel, needs your help. The mysterious monster Void has locked up the power of the Precioustones, and it's up to you to guide Sonic and his friends through incredible game boards to recover them. Play with up to 3 friends to find out who will be the first to save the land of Maginaryworld. Play minigames, fight bosses, work your way through special events, and more, in Sonic's latest adventure!"
Yoostar 2: In The Movies,party,https://www.metacritic.com/game/playstation-3/yoostar-2-in-the-movies,"Yoostar2 Combines The Power Of New Console Platforms, Top Hollywood Movies And The Burgeoning Social Media Phenomenon Monday 14th June/... Everyone now has the opportunity to become a global movie star with Yoostar2. In an instant you can step into the shoes of famous characters from hundreds of movies, play out the part and then share your performance with the world."
Faceez,party,https://www.metacritic.com/game/ds/faceez,"[DSiWare] Make your friends laugh with Faceez. Take pictures of their faces with the Nintendo DSi Camera and then mix them and animate them. Dress them up with lots of funny accessories. Place them in your own favorite settings. Give free reign to your imagination with millions of possible combinations. Thanks to the Nintendo DSi system's connectivity with Facebook, you can share your creations with your friends, who'll be rolling on the floor laughing. Photograph, disguise, decorate, animate and send ... FACEEZ. [Nintendo]"
Namco Museum Megamix,party,https://www.metacritic.com/game/wii/namco-museum-megamix,Namco Museum Megamix gives players a new take on classic franchises while staying true to the core gameplay that made them so popular. Each game will deliver a unique experience with updated Pac-Man themed graphics and specially designed Wii motion controls that will have gamers of all skill levels wanting to join in on the fun.
Pictionary: Ultimate Edition,party,https://www.metacritic.com/game/xbox-360/pictionary-ultimate-edition,"Pictionary, the game of quick sketches and crazy guesses, has innovative new functionality and game modes for the whole family! In addition to great classic Pictionary play, new features include rotating canvases, one-line challenges and other fun gameplay modes in a lively game show setting."
Hail to the Chimp,party,https://www.metacritic.com/game/xbox-360/hail-to-the-chimp,"Since the dawn of time, Man has wondered who would win if a polar bear and jellyfish teamed up to fight an armadillo and yak. Do you have what it takes (approximately $40) to learn the shocking truth? When the King of the Animals is forced to resign in disgrace, a motley group of candidates turns out for a bare-knuckle campaign to win the Crown. From Ptolemy, the mighty hippo, to Crackers, the devious monkey, each of the ten candidates has distinct strengths and strategies, but the same hunger for political power. Hail to the Chimp is a party game that delivers exciting gameplay, lush interactive environments, and a comic look at politics. Players use the game’s unique team-up mechanic, mixing cooperation with competition, to claw their way to victory. Whether played by four friends on one TV, online against distant challengers or single-player against advanced AI, Hail to the Chimp offers endlessly replayable party fun for gamers of all stripes. [Gamecock Media]"
Happy Hammerin',party,https://www.metacritic.com/game/wii/happy-hammerin,"[WiiWare] Happy Hammerin' is a party game suitable for friends and families. Compete against each other by bashing moles using the Wii Remote controller. Use the Wii Remote like a hammer and let off some steam as you frantically try to bash the moles popping up all over the screen. Play against the CPU or go head-to-head with up to four players. (Additional accessories are required for the multiplayer modes and are sold separately.) Players can challenge themselves in three different modes: Mole Adventure (1-2 players), Mole Marathon (1 player) and Party Battle (1-4 players). Mole Adventure consists of four stages with three difficulty types. The faster you bash, the more points you get. With broadband Internet access, register your scores online and compete against the best mole bashers from around the world."
Cartoon Network Block Party,party,https://www.metacritic.com/game/game-boy-advance/cartoon-network-block-party,"Keep the party going with Cartoon Network Block Party, a game that lets you and three of your friends compete on dynamic boards patterned after Cartoon Network shows. Now you can play as any of six characters from your favorite cartoons, including Johnny Bravo; Courage the Cowardly Dog; Cow and Chicken; and Ed, Edd n Eddy. As you move your pieces across four colorful boards, you'll enter a variety of minigames that reward players with money. The cash you earn can help pay for a competitive advantage or access passes to other areas of the board."
Rabbids Land,party,https://www.metacritic.com/game/wii-u/rabbids-land,"Rabbids have a lot on their plate: princess castle, the pirate boat, haunted house, tunnel of love, roller coaster…there are over 20 + attractions waiting to be invaded!"
Hail to the Chimp,party,https://www.metacritic.com/game/playstation-3/hail-to-the-chimp,"Since the dawn of time, Man has wondered who would win if a polar bear and jellyfish teamed up to fight an armadillo and yak. Do you have what it takes (approximately $40) to learn the shocking truth? When the King of the Animals is forced to resign in disgrace, a motley group of candidates turns out for a bare-knuckle campaign to win the Crown. From Ptolemy, the mighty hippo, to Crackers, the devious monkey, each of the ten candidates has distinct strengths and strategies, but the same hunger for political power. Hail to the Chimp is a party game that delivers exciting gameplay, lush interactive environments, and a comic look at politics. Players use the game’s unique team-up mechanic, mixing cooperation with competition, to claw their way to victory. Whether played by four friends on one TV, online against distant challengers or single-player against advanced AI, Hail to the Chimp offers endlessly replayable party fun for gamers of all stripes. [Gamecock Media]"
Ape Escape Academy,party,https://www.metacritic.com/game/psp/ape-escape-academy,"Compete in more than 40 mini-games including hockey, golf, dodge ball, karate and more, with a wide variety of game styles, each brimming with frantic fun and wacky-humor. Featuring Wi-Fi wireless LAN (Ad Hoc) connectivity, up to four players with a PSP and the game can challenge each other."
Monopoly Party!,party,https://www.metacritic.com/game/playstation-2/monopoly-party!,"The original party game, Monopoly, becomes the next great party game for next generation game consoles: Monopoly Party! The game brings fun, social gaming to the television by evolving a classic brand and a familiar play pattern with new game rules and 3D graphics to make the classic Monopoly game faster, livelier, and more entertaining than ever. The key innovation is same-time play, which allows every player to move at once, so there's never a dull moment. [Infogrames]"
Start the Party! Save the World,party,https://www.metacritic.com/game/playstation-3/start-the-party!-save-the-world,"Your PlayStationMove motion controller is about to turn into some of the craziest gadgets imaginable in Start the Party! Save the World on the PlayStation3 system. From the depths of the ocean to skyscraper rooftops, Dr. Terrible is wreaking havoc - pick up your motion controller and battle with this devious enemy. - Grab your PlayStationMove motion controller and prepare to battle Dr. Terrible in a series of hilarious mini-games. - See yourself on-screen as you use your motion controller to scoop up fish, swat flies and rescue lost divers. - Challenge up to three friends on PS3, take down an evil villain and save the world in four different game modes."
Yoostar 2: In The Movies,party,https://www.metacritic.com/game/xbox-360/yoostar-2-in-the-movies,"Yoostar2 Combines The Power Of New Console Platforms, Top Hollywood Movies And The Burgeoning Social Media Phenomenon Monday 14th June/... Everyone now has the opportunity to become a global movie star with Yoostar2. In an instant you can step into the shoes of famous characters from hundreds of movies, play out the part and then share your performance with the world."
Monopoly Party!,party,https://www.metacritic.com/game/xbox/monopoly-party!,"The Monopoly Party game is the fastest way to discover what your friends are really like. It's an intense buying, trading, building, and deal-making frenzy because every player moves at the same time. Here's how it works: Everyone rolls a set of dice at the same time. As soon as everyone rolls, everyone moves. Just roll and go. Then do all of the things you love, such as buy property, pass ""Go,"" and draw cards from ""Community Chest."" Play Monopoly Party and find out who will cut you a deal when the chips are down and who will bankrupt you out of the game."
Yoostar on MTV,party,https://www.metacritic.com/game/xbox-360/yoostar-on-mtv,"Yoostar on MTV offers players fun and excitement as they are transported directly into MTV shows, programming and events."
Mary-Kate and Ashley: Sweet 16 - Licensed to Drive,party,https://www.metacritic.com/game/gamecube/mary-kate-and-ashley-sweet-16---licensed-to-drive,"You're invited to the Mary-Kate and Ashley's sweet 16 birthday bash. Head to the DMV, earn your license, and then put the pedal to the metal. In true Hollywood style, go racing in cars, jetskis, sailboards, and ATVs. The party continues with over 30 minigames, including Birthday Blowout, Caught Up in Fashion, and Freeway Frenzy. Invite up to three of your friends to celebrate with head-to-head competition. Mary-Kate and Ashley will turn 16 only once, so with some friends, two game boards, and a slew of vehicles, this will be a day to remember."
All Grown Up! Express Yourself,party,https://www.metacritic.com/game/game-boy-advance/all-grown-up!-express-yourself,"Finally a game made just for girls! Help Angelica with the school newspaper, sing a song with Susie, put together stylin' outfits with Lil, swap information with your best friends, take a vote on a hot topic or use the PDS function to plan your busy week!"
"Lights, Camera, Party!",party,https://www.metacritic.com/game/playstation-3/lights-camera-party!,"Lights, Camera, Party! is a downloadable party game for PS3 Move."
Disney/Pixar Toy Story Mania!,party,https://www.metacritic.com/game/wii/disneypixar-toy-story-mania!,"In Toy Story Mania!, players experience the fast-paced, zany fun of the Toy Story Mania! theme park attraction, which is an interactive experience requiring 3D glasses and involving rapid or quick-firing shooting galleries. In addition to galleries adapted from the attraction, the game includes new and original galleries and a series of mini games, all hosted by beloved characters from the movies. The thematically-connected levels are designed for up to four players of all ages with competitive and co-operative multiplayer options. Toy Story Mania! also includes bonus 3D features, transforming the game experience with eye-popping visuals. [Disney]"
Fuzion Frenzy 2,party,https://www.metacritic.com/game/xbox-360/fuzion-frenzy-2,"With huge prize money and a chance to save the planet on the line, its your turn to appear on the worldwide hit TV sensation Fuzion Frenzy. Spanning seven planets across the galaxy, you compete in 40 different mini-games - from sports challenges to thrilling battles - in your quest to become the ultimate victor. Frenetic social entertainment with 40 different challenges on one disc. Jump-in easy-to-play controls and fun filled game play reward all levels of gamer from the casual to the advanced player. Now on Xbox Live and packed with Xbox Live features such as head-to-head muliplayer, tournament customization and much, much more. Includes new variations of the favorite games from the original Fuzion Frenzy revamped and improved for the Xbox 360. [Microsoft]"
Neighborhood Games,party,https://www.metacritic.com/game/wii/neighborhood-games,"Play 24 unique twists on classic neighborhood games including Football, Golf, Tennis, Ladder Golf, Lawn Darts, Horseshoes, Bocce, and more. Fine tuned controls. Enjoy intuitive controls for a pick up and play experience for the whole family-use the Wii Remote to throw the football, shoot the basketball, toss the horseshoe and roll the bocce ball just to name a few. Conquer the neighborhood! Play by yourself or challenge your friends and family. Taunt your opponents! From the sidelines, break their concentration and giving yourself the advantage. Become part of the neighborhood! Create your own fully customizable, playable characters with endless combinations. [THQ]"
Pac-Man Fever,party,https://www.metacritic.com/game/playstation-2/pac-man-fever,"The outrageously fun party game stars Pac-Man, Ms. Pac-Man and many other Namco favorites from popular franchises such as Tekken, Ridge Racer and Soul Calibur. Up to four players partake in more than 30 mini-games and three differently themed game boards. Try to recover all of the mini-games stolen by those pesky, party-crashing Ghosts and determine who the real party animal is! [Namco]"
Hole in the Wall,party,https://www.metacritic.com/game/xbox-360/hole-in-the-wall,"Whether you play solo or with friends, ""Hole in the Wall"" challenges you to become a human puzzle piece as you contort to fit through wacky shapes that are cut out into themed walls hurtling towards you. Try to pass your body through the wall to boost your score, or you’ll be pushed straight into the water below! Play through different “show” levels in single or multi player modes (up to 4 competitors), or see if you can handle the challenge of “survival” mode as you attack wall after wall until you drop! Unlock special customization elements for your avatar like a silver spandex suit, helmets, t-shirt and other zany gear as a reward for progress in the game."
Barbie Groovy Games,party,https://www.metacritic.com/game/game-boy-advance/barbie-groovy-games,This is a collection of mini games starring Barbie.
My Street,party,https://www.metacritic.com/game/playstation-2/my-street,"Be the best on your block playing Volleyball, RC Racing, Marbles, Dodgeball, Chemistry (a la ""Puyo Pop""), Chicken Herding (quasi ""Chu Chu Rocket""), and a kart-racer called Lawmowers."
Drill Sergeant Mindstrong,party,https://www.metacritic.com/game/wii/drill-sergeant-mindstrong,"[WiiWare; also known as ""Brain Cadets""] Line up and get ready to use your mind. Drill Sergeant Mindstrong is a party game that allows up to four people to play at once. Players become boot-camp trainees under the tough Drill Sergeant Mindstrong, going through mind-boggling, mind-training games. The rules are simple, but concentration and quick thinking are key. Become the top boot of your class and earn promotions based on your efforts. This game is best played with friends and family. [XSEED]"
PlayStation Move Ape Escape,party,https://www.metacritic.com/game/playstation-3/playstation-move-ape-escape,"You will travel through time in search for Specter to help your new partners, Tohko and Tsukushi. Pipo monkeys will come and try to steal their favorite bananas from you. Chase around and capture more than 700 monkeys, the largest number of franchise! Get yourself ready with the Move controller and capture the pipo monkeys!!"
Pac-Man Party 3D,party,https://www.metacritic.com/game/3ds/pac-man-party-3d,"PAC-MAN PARTY 3D brings together family and friends with a fun experience that includes dozens of mini-games for gamers to play with or against each other. Perfect for the whole family, PAC-MAN PARTY 3D features a variety of control styles that utilize the system’s buttons, touchscreen, microphone, and accelerometer. With support for download play, friends can join in on the fun using just one cartridge shared across Nintendo 3DS systems."
Furu Furu Park,party,https://www.metacritic.com/game/wii/furu-furu-park,"Furu Furu Park is a collection of 30 arcade-style games that take advantage of the Wii Remote’s range of motion to engage and entertain players of all skill levels and ages. Arkanoid: an arcade classic pitting paddle and ball against a wall of blocks; Pinch Hitter: step up to the plate and take a few swings with the Wii Remote; Bubble Bobble: hold the Wii Remote like an NES controller to burst all of the bubbles in this retro arcade puzzler; Safe Cracker: Memorize the combination then enter the code by tilting your Wii Remote left and right to crack the safe; Sonic Blastman 20XX: Clutch your Wii Remote and punch at the screen to destroy asteroids heading for earth; Super Karate: Execute offensive and defensive maneuvers with your Wii Remote to defeat your opponent. Players can also face off against a friend in three multiplayer modes: Free Battle, Panel Attack and Love Challenge where players will have to compete to win female affection. [Majesco]"
Family Party: 30 Great Games,party,https://www.metacritic.com/game/wii/family-party-30-great-games,"Fun for kids of all ages, Family Party: 30 Great Games lets up to 4 players participate in wide variety of fun and addictive party games. It features everything from track and field, to playground games, to shooting games. Customized for the Wii Remote, it showcases the variety of gameplay and madcap action possible on the Wii."
Shrek: Super Party,party,https://www.metacritic.com/game/gamecube/shrek-super-party,"Your favorite characters from the movie Shrek now star in an interactive board game. Shrek: Super Party lets you select characters from the movie--including Shrek, Princess Fiona, Lord Farquaad, Donkey, Monsieur Hood, and Thelonius--to battle three of your friends in 30 action-packed minigames. In each game you can earn bug juice, and the first player who earns 100 drops of bug juice wins. Swap bugs, form alliances, or play dirty--but just do whatever you can to gain the competitive edge."
Disney's Party,party,https://www.metacritic.com/game/gamecube/disneys-party,"Uncle Scrooge has invited you and a whole cast of Disney characters to visit his new Party Park, which he designed himself with all of his favorite youngsters in mind. Disney's Party drops you into the mix with Mickey Mouse and friends to embark on challenging adventures that include collecting magical objects, solving puzzles, and maneuvering through obstacle courses. Each player must complete his or her game board by buying or winning special items, such as stars, lollipops, and teacups. In four different gameplay modes, you can compete with friends in minigames, solve puzzles, and explore a variety of environments."
Wipeout: In the Zone,party,https://www.metacritic.com/game/xbox-360/wipeout-in-the-zone,"Based on the ABC hit show Wipeout, Wipeout In the Zone will be the latest release in this hit video game franchise and will have players running, ducking, dodging and wiping out using Kinect for Xbox 360’s full-motion capabilities right in their own living room."
Universal Studios Theme Parks Adventure,party,https://www.metacritic.com/game/gamecube/universal-studios-theme-parks-adventure,"Lights... Camera... PLAY! You're not just a visitor, you're the star in Kemco's Universal Studios™ Theme Park Adventure, a magical 3-D journey beyond the theme park rides and into an amazing realm of games based upon the most successful movies produced in Hollywood. You'll love this virtual gaming lark through the world's best movie theme park!"
Crash Boom Bang!,party,https://www.metacritic.com/game/ds/crash-boom-bang!,"In Crash Boom Bang!, Crash and his friends embark on a worldwide race in a quest for its multi-million dollar prize. With hidden intentions of finding an ancient lost city and the famed magical ""Super Big Power Stone"" that grants its user one wish, the race’s sponsor Viscount Devil plans on using the contestants to solve the mystery. The map of the race checkpoints is based on the Viscount’s ancient map, and the evil Dr. Neo Cortex, also an invitee to the race, has figured out the Viscount’s master plan and in his own relentless pursuit for world domination, sets out to steal the map and retrieve the legendary stone. It’s up to Crash and his friends to win the big race ... and save the world! [Vivendi]"
Rocky and Bullwinkle,party,https://www.metacritic.com/game/xbox-360/rocky-and-bullwinkle,"[Xbox Live Arcade] Rocky & Bullwinkle offers a fast, fun collection of over 100 micro-games, starring your favorite characters from the classic cartoon series: Rocky and Bullwinkle, Boris and Natasha, Dudley Do-Right, and many more. Xbox LIVE Vision owners can control 25 of the games using gestures. The fast action and quick games create an easy pick-up-and-play experience for gamers of all ages. Hotseat multiplayer: Up to twelve players can compete locally in hotseat mode. [ZEN Studios]"
Wonder World Amusement Park,party,https://www.metacritic.com/game/wii/wonder-world-amusement-park,"All of the fun and thrills of your favorite amusement parks and carnivals are now available in your living room. In Wonder World Amusement Park, you can take your customized character through a fully 3D park with five themed zones and hop on five heart-pounding interactive rides. Play through a huge variety of mini-games as you win outfits and prizes for your unique character. Step right up and test your skills in a fun filled experience for the whole family. [Majesco]"
Game Party 3,party,https://www.metacritic.com/game/wii/game-party-3,"Engage every member of your party in exciting competitions for every ability level. Up to four players can face off simultaneously and battle for the top score and up to 16 players can play in bracketed tournaments so everyone can get in on the action. Early adopters as well as new fans of the franchise will appreciate that Game Party 3 has something for everyone. The game features eight new party favorites including Billiards, Bumper Pool, Mini Golf, Smack-a-Troll, Bocce Ball, Racquetball, Croquet, and a remake of the arcade classic Root Beer Tapper. Returning party games include Darts, Hoop Shoot, Ping Cup, Shuffleboard, Skill Ball, Trivia, Puck Bowling, Horseshoes, Beanbags, QB Challenge and Lawn Darts. Players can revisit these classic Game Party games with new level layouts as well as a revamped database of challenging original trivia. Game Party 3 makes full use of the Wii Remote, using intuitive gameplay controls so anyone can pick up and play to join the party. Players can customize their avatar appearance and character profiles using the Create a Player and Profile features allowing gamers to track high scores and earn game tickets, which can be used to unlock special in-game equipment and additional create-a-player attributes. [Warner Bros.]"
Tamagotchi Party On!,party,https://www.metacritic.com/game/wii/tamagotchi-party-on!,"This 3D party game based on the Tamagotchi franchise promises tons of fun as up-to-four players can go head-to-head in the most comical and cute campaign race to become the most popular Tamagotchi on Tamagotchi Planet. Tamagotchi Party On! is a seamless blend of both party game and board game as players swing, shake, and turn their Wii controllers in order to control their favorite Tamagotchi. Swing your Wii controllers and turn the whole planet into your playing board. Tamagotchi Party On! allows players to choose their favorite virtual pet and engage in a hilarious campaign to become the next president of Tamagotchi Planet. Earn your popularity by going up against three friends or solo in over 15 unique and totally addictive mini-games including shaking hands, finding lost children, and testing your public speaking skills. In order to succeed at each of these mini games, players have to swing, shake, point, turn and twist their Wii controllers in order to increase their popularity. Gamers can also use Gotchi points that they earn along the way to level up their characters and customize their very own campaign headquarters. With over six different towns to win over and tons of popularity points to be earned in a number of fun and quirky mini-games, Tamagotchi Party On! brings out the fun in politics without all the mudslinging! Be happy! Be popular! Be president! [Namco Bandai Games]"
Game Party: In Motion,party,https://www.metacritic.com/game/xbox-360/game-party-in-motion,"Game Party: In Motion lets players engage in true-to-life motions with games appealing to people of all ability levels, ranging from sports like Hoop Shoot and Darts to arcade and party games including Rootbeer Tapper, Table Hockey and more. Players mimic the actions and gestures of real-life activities allowing them to move their arms, legs or full bodies in natural motions to control the game."
Shrek: Super Party,party,https://www.metacritic.com/game/xbox/shrek-super-party,"Your favorite characters from the movie Shrek now star in an interactive board game. Shrek: Super Party lets you select characters from the movie--including Shrek, Princess Fiona, Lord Farquaad, Donkey, Monsieur Hood, and Thelonius--to battle three of your friends in 30 action-packed minigames. In each game you can earn bug juice, and the first player who earns 100 drops of bug juice wins. Swap bugs, form alliances, or play dirty--but just do whatever you can to gain the competitive edge."
Disney/Pixar Toy Story Mania!,party,https://www.metacritic.com/game/xbox-360/disneypixar-toy-story-mania!,"Toy Story Mania!, a bi-coastal star attraction at the Disneyland Resort and Walt Disney World Resort theme parks, is now available for the Wii system. The newest title from Disney Interactive Studios brings classic Disney Pixar Toy Story characters together as they stage their own fun-filled carnival, featuring familiar and one-of-a-kind midway-inspired games, alongside bonus unlockable levels in 3-D."
Jenga World Tour,party,https://www.metacritic.com/game/ds/jenga-world-tour,"Jenga is based on the world famous wooden block tower building game. Designed to make the most of the innovative control systems on the Wii and DS, the game offers unpredictable, quick- paced, tactical play that combines suspense and risk-taking, where mounting anticipation comes to a crashing climax. Players of the Wii version can get physical with the Wii Remote and Nunchuk controllers as they battle to keep the Jenga tower from falling, while on the DS the touch screen provides equally intuitive control of the fast-paced action. Players experience sophisticated physics, and a multitude of game-play options (single and multiplayer). The game contains all the fun, intensity and challenge of the original boxed game with a wealth of exciting new enhancements, power-ups and twists that are possible only in the videogame world. [Atari]"
Shrek: Super Party,party,https://www.metacritic.com/game/playstation-2/shrek-super-party,"an interactive board game with 30 action-packed mini-games! By advancing in the board game, swapping bugs and/or teaming-up against opponents, players will compete to earn 100 drops of bug juice and win the game. [TDK Mediactive]"
Game Party 2,party,https://www.metacritic.com/game/wii/game-party-2,"[Also known as ""More Game Party"" in the UK/EU] With 11 games in all, Game Party 2 for the Nintendo Wii includes fun to play games that will provide hours of enjoyment with friends and family. Game Party 2 features new games like Bean Bags, Horseshoes, Lawn Darts, Puck Bowling and more. Each game, including classics like Skill Ball, Darts and Hoop Shoot has exciting new features like four player mode, customizable characters and tournament play, making Game Party 2 the ultimate party game for all ages and skill levels. [Midway]"
Truth or Lies,party,https://www.metacritic.com/game/xbox-360/truth-or-lies,"Friends and family will be squirming in their seats as they answer some of the game's silliest and most provocative questions in the new Truth or Lies video game. Up to eight players can join in on this party game, as they offer up answers to more than 3,000 questions. Additionally, the Hot Seat mode will allow players to put other players on the spot and ask them any question that comes to mind. The gameplay will lead to revealing and hilarious situations among friends and family."
Calvin Tucker's Redneck Jamboree,party,https://www.metacritic.com/game/wii/calvin-tuckers-redneck-jamboree,"Every year, the people of Redneck County gather to compete in the great Redneck Jamboree! Come join them, and test your redneck skills in 12 hilarious events to gain more bottle caps then any of the four families participating to become the greatest family of the county for a year. Not only will you get bragging rights, but you'll also get the privilege to move in ""The Big Trailer"" where fabulous redneck luxuries await. Saddle up, partner, it's going to be a bumpy ride. [Zoo Games]"
Game Party,party,https://www.metacritic.com/game/wii/game-party,"Game Party for the Wii is a collection of classic skill games from around the world, from American sports venues to European gathering spots. Using the Wii’s unique control interface, you can play classics such as darts; modern favorites such as table hockey and hoop shoot, or participate in multiplayer trivia contests. More than a half dozen games are available. [Midway]"
Game Party Champions,party,https://www.metacritic.com/game/wii-u/game-party-champions,"Game Party Champions is the fifth and latest installment of the Game Party franchise and available exclusively for Wii U. The game’s pick-up and play style promises to appeal to experienced and new gamers alike. Using the system’s innovative new GamePad, players tilt, turn and touch the controller to play arcade, sports and party games in entirely new ways."
Nickelodeon Party Blast,party,https://www.metacritic.com/game/xbox/nickelodeon-party-blast,"Choose your favorite Nicktoons star and let the multiplayer mayhem begin. Nickelodeon Party Blast lets up to four players duke it out as SpongeBob SquarePants, Otto and Reggie Rocket, Angelica and Tommy Pickles, Invader Zim, Eliza Thornberry, and Jimmy Neutron. In five different game types with multiple levels, you can lob food at Tommy, race Otto Rocket down rapids, shoot hoops and pull tricks wearing in-line skates, blast Goooze at SpongeBob SquarePants, and more. During your battles, you can also find collectables, unlock minigames, and use power-ups."
Family Party: 30 Great Games Obstacle Arcade,party,https://www.metacritic.com/game/wii-u/family-party-30-great-games-obstacle-arcade,Family Party: 30 Great Games Obstacle Arcade brings home wacky and wild competitions for kids of all ages.
