title,url
Zack Zero (PS3),https://www.metacritic.com/game/playstation-3/zack-zero
ZEN Pinball (PS3),https://www.metacritic.com/game/playstation-3/zen-pinball
ZEN Pinball 2 (PS3),https://www.metacritic.com/game/playstation-3/zen-pinball-2
ZEN Pinball 2: Aliens Vs. Pinball (PS3),https://www.metacritic.com/game/playstation-3/zen-pinball-2-aliens-vs-pinball
ZEN Pinball 2: Ant-Man Pinball (PS3),https://www.metacritic.com/game/playstation-3/zen-pinball-2-ant-man-pinball
ZEN Pinball 2: Balls of Glory (PS3),https://www.metacritic.com/game/playstation-3/zen-pinball-2-balls-of-glory
ZEN Pinball 2: Deadpool (PS3),https://www.metacritic.com/game/playstation-3/zen-pinball-2-deadpool
ZEN Pinball 2: Fantastic Four (PS3),https://www.metacritic.com/game/playstation-3/zen-pinball-2-fantastic-four
ZEN Pinball 2: Guardians of the Galaxy (PS3),https://www.metacritic.com/game/playstation-3/zen-pinball-2-guardians-of-the-galaxy
ZEN Pinball 2: Iron & Steel Pack (PS3),https://www.metacritic.com/game/playstation-3/zen-pinball-2-iron-steel-pack
ZEN Pinball 2: Marvel Pinball - Civil War (PS3),https://www.metacritic.com/game/playstation-3/zen-pinball-2-marvel-pinball---civil-war
ZEN Pinball 2: Marvel's Avengers: Age of Ultron (PS3),https://www.metacritic.com/game/playstation-3/zen-pinball-2-marvels-avengers-age-of-ultron
ZEN Pinball 2: Plants vs. Zombies (PS3),https://www.metacritic.com/game/playstation-3/zen-pinball-2-plants-vs-zombies
ZEN Pinball 2: Portal Pinball (PS3),https://www.metacritic.com/game/playstation-3/zen-pinball-2-portal-pinball
ZEN Pinball 2: South Park: Super-Sweet Pinball (PS3),https://www.metacritic.com/game/playstation-3/zen-pinball-2-south-park-super-sweet-pinball
ZEN Pinball 2: Star Wars Pinball (PS3),https://www.metacritic.com/game/playstation-3/zen-pinball-2-star-wars-pinball
ZEN Pinball 2: The Walking Dead (PS3),https://www.metacritic.com/game/playstation-3/zen-pinball-2-the-walking-dead
ZEN Pinball: Earth Defense (PS3),https://www.metacritic.com/game/playstation-3/zen-pinball-earth-defense
ZEN Pinball: Epic Quest (PS3),https://www.metacritic.com/game/playstation-3/zen-pinball-epic-quest
ZEN Pinball: Excalibur (PS3),https://www.metacritic.com/game/playstation-3/zen-pinball-excalibur
ZEN Pinball: Mars (PS3),https://www.metacritic.com/game/playstation-3/zen-pinball-mars
ZEN Pinball: Ninja Gaiden Sigma 2 (PS3),https://www.metacritic.com/game/playstation-3/zen-pinball-ninja-gaiden-sigma-2
ZEN Pinball: Paranormal (PS3),https://www.metacritic.com/game/playstation-3/zen-pinball-paranormal
ZEN Pinball: Sorcerer's Lair (PS3),https://www.metacritic.com/game/playstation-3/zen-pinball-sorcerers-lair
ZEN Pinball: Super Street Fighter II Turbo (PS3),https://www.metacritic.com/game/playstation-3/zen-pinball-super-street-fighter-ii-turbo
Zeno Clash II (PS3),https://www.metacritic.com/game/playstation-3/zeno-clash-ii
Zombeer (PS3),https://www.metacritic.com/game/playstation-3/zombeer
Zombie Apocalypse (PS3),https://www.metacritic.com/game/playstation-3/zombie-apocalypse
Zombie Apocalypse: Never Die Alone (PS3),https://www.metacritic.com/game/playstation-3/zombie-apocalypse-never-die-alone
Zombie Apocalypse: Never Die Alone - Pure Pwnage Pack (PS3),https://www.metacritic.com/game/playstation-3/zombie-apocalypse-never-die-alone---pure-pwnage-pack
Zombie Driver HD (PS3),https://www.metacritic.com/game/playstation-3/zombie-driver-hd
Zombie Driver HD: Apocalypse Pack (PS3),https://www.metacritic.com/game/playstation-3/zombie-driver-hd-apocalypse-pack
Zombie Driver HD: Burning Garden of Slaughter (PS3),https://www.metacritic.com/game/playstation-3/zombie-driver-hd-burning-garden-of-slaughter
Zombie Driver HD: Tropical Race Rage (PS3),https://www.metacritic.com/game/playstation-3/zombie-driver-hd-tropical-race-rage
Zombie Tycoon 2: Brainhov's Revenge (PS3),https://www.metacritic.com/game/playstation-3/zombie-tycoon-2-brainhovs-revenge
Zone of the Enders HD Collection (PS3),https://www.metacritic.com/game/playstation-3/zone-of-the-enders-hd-collection
Zone of the Enders HD Edition (PS3),https://www.metacritic.com/game/playstation-3/zone-of-the-enders-hd-edition
Zone of the Enders: The 2nd Runner HD Edition (PS3),https://www.metacritic.com/game/playstation-3/zone-of-the-enders-the-2nd-runner-hd-edition
Zuma (PS3),https://www.metacritic.com/game/playstation-3/zuma
Zuma's Revenge! (PS3),https://www.metacritic.com/game/playstation-3/zumas-revenge!
Zumba Fitness: Join the Party (PS3),https://www.metacritic.com/game/playstation-3/zumba-fitness-join-the-party
